,Tier 1,Tier 2,Tier 3,Difference
Selection_rate,0.3623730625334046,0.3040498442367601,0.1939935064935065,
Demographic_Parity_Difference,,,,0.16837955603989813
Disparate_impact_ratio,1.2084844922204878,1.0139813347420321,0.6469524598486563,
True_postive_rate,0.4010507880910683,0.3055555555555556,0.18820224719101122,
True_positive_diff,,,,0.2128485409000571
False_postive_rate,0.3453846153846154,0.3034300791556728,0.1963470319634703,
False_positive_diff,,,,0.1490375834211451
