,Bachelors,Masters,PhD,Difference
Selection_rate,0.29909284951974385,0.2996352266805628,0.30495356037151705,
Demographic_Parity_Difference,,,,0.005860710851773199
Disparate_impact_ratio,0.9974501632425478,0.9992589466637047,1.0169951540546156,
True_postive_rate,0.3148316651501365,0.3003533568904594,0.3333333333333333,
True_positive_diff,,,,0.032979976442873926
False_postive_rate,0.2925632314080785,0.29933481152993346,0.2924107142857143,
False_positive_diff,,,,0.006924097244219163
