,Female,Male,Other,Difference
Selection_rate,0.2628234226055379,0.31889035667107,0.3292307692307692,
Demographic_Parity_Difference,,,,0.06640734662523129
Disparate_impact_ratio,0.8764945942465721,1.0634732285602035,1.0979576577674834,
True_postive_rate,0.27988338192419826,0.3296398891966759,0.35106382978723405,
True_positive_diff,,,,0.07118044786303579
False_postive_rate,0.25510876730388926,0.3145817912657291,0.3203463203463203,
False_positive_diff,,,,0.06523755304243106
